feature,importance_mean,importance_std
headway_ratio,0.7300619731283237,0.001869550956430611
observed_arrival_delay,0.12709396824029062,0.004441218439317066
speed_mps,0.11652819503008734,0.01317863661991989
leader_arrival_delay,0.09085380594193782,0.005641416568071831
dist_traveled,0.07250463016364879,0.0064169704900511595
route_frac,0.04196209974175413,0.004130521599373871
headway_ratio_lag1,0.040769205564604616,0.0037047119394362483
speed_lag2,0.0379741872631744,0.0022084852025354325
closing_speed_3,0.03260148148490712,0.003625488455308
stop_sequence,0.029623770015752966,0.0017228413727947375
headway_ratio_lag3,0.02624369445318331,0.004321572887504863
leader_dwell,0.01879797067499467,0.0019943332373802856
hour_of_day,0.012699221221936266,0.0013742915877257584
dwell_rel_median,0.010952464651315719,0.0014752753584718033
dwell,0.009661723195980576,0.0013088205980490834
leader_delay_growth,0.008671276815612416,0.0014723842226748486
speed_lag1,0.00802608593723205,0.002271532550911911
observed_departure_delay,0.006163106338941238,0.0009373354821626958
headway_ratio_lag2,0.0034318637626205017,0.004286901097751244
cum_delay_growth_3,0.0033446577467288,0.006349072442250602
n_routes_serving,0.0011371625733680075,0.0005478246286823935
temperature_2m,0.0009613982116806566,0.0011214244708658938
under_active_alert,0.0008081444263897305,0.0011375354240229572
precipitation,0.0005624315923950333,9.216983007967079e-06
precip_3h,2.433258889185848e-05,3.5632707585676365e-05
wx_group,3.606020910429386e-06,4.0917769496218455e-06
month_of_year,0.0,0.0
ice_risk,0.0,0.0
has_parent_station,0.0,0.0
is_snowing,0.0,0.0
is_interchange,0.0,0.0
is_precip,-3.802135798432656e-05,4.357236875672348e-05
temperature_2m_sq,-0.00013716004772745816,0.00019408807200825087
wind_speed_10m,-0.000590159407727664,0.0018978593189424525
direction_id,-0.0024188851179194706,0.002310299527501592
day_of_week,-0.005372924581157641,0.0012079701397180822
LineNumber,-0.008744447959888305,0.0031142685960870078
