feature,coef
headway_ratio,-3.1981045805158357
observed_arrival_delay,2.294342823808528
observed_departure_delay,-2.025116153304755
dwell,0.013227920042747011
dwell_rel_median,-0.08844278730423356
speed_mps,0.016508337794992105
leader_dwell,0.18788241941422557
leader_arrival_delay,-0.06701166428198067
leader_delay_growth,0.5834379930989726
stop_sequence,-0.4880301622324827
route_frac,0.7002414892725582
dist_traveled,-0.19265899292265484
hour_of_day,-0.08181643142226164
day_of_week,0.002586700069819595
month_of_year,-0.1042488278924211
n_routes_serving,0.12090458870411473
headway_ratio_lag1,-0.24680532354740217
headway_ratio_lag2,-0.07896095530419593
headway_ratio_lag3,-0.07648032721143087
closing_speed_3,-0.04315777084067102
cum_delay_growth_3,-0.06305073084675451
speed_lag1,-0.012712841113609239
speed_lag2,-0.010639519776398135
temperature_2m,-0.024215719214324
temperature_2m_sq,0.047753193665174415
precipitation,-0.016465573252677765
precip_3h,0.008134141272763813
wind_speed_10m,-0.0030596555230760184
has_parent_station,0.0
is_interchange,-0.12172825062140392
under_active_alert,0.05123226498786915
is_precip,0.040781097055744564
is_snowing,-0.10475424747221215
ice_risk,0.018074007575156155
headway_ratio_was_missing,0.15111782642856406
observed_arrival_delay_was_missing,0.018454256611081042
observed_departure_delay_was_missing,0.01844637197176407
dwell_was_missing,-0.10776745732933467
dwell_rel_median_was_missing,-0.10776745732933467
speed_mps_was_missing,0.041490718790698766
leader_dwell_was_missing,0.38847232510753865
leader_arrival_delay_was_missing,0.11811263399559024
leader_delay_growth_was_missing,-0.14901248407838094
headway_ratio_lag1_was_missing,0.01089733987240705
headway_ratio_lag2_was_missing,-0.005234654985352378
headway_ratio_lag3_was_missing,0.0407434931074891
closing_speed_3_was_missing,-0.049378166177990825
cum_delay_growth_3_was_missing,0.003875137961023732
speed_lag1_was_missing,0.05007162052856178
speed_lag2_was_missing,0.08570509676985803
temperature_2m_was_missing,-0.004550727357902186
temperature_2m_sq_was_missing,-0.004550727357902186
precipitation_was_missing,-0.004550727357902186
precip_3h_was_missing,-0.004550727357902186
wind_speed_10m_was_missing,-0.004550727357902186
is_precip_was_missing,-0.004550727357902186
is_snowing_was_missing,-0.004550727357902186
ice_risk_was_missing,-0.004550727357902186
LineNumber_116,-1.0340265742646098
LineNumber_117,-0.12099836611479405
LineNumber_179,-0.12526475539279588
LineNumber_4,0.04943021690672156
LineNumber_401,-0.45445903493788586
LineNumber_474,0.14221675152918478
LineNumber_541,-0.2959508228073344
LineNumber_607,-0.37179330534058813
direction_id_0,-1.170261487430666
direction_id_1,-1.0405844029919487
wx_group_clear,-0.5361342718861506
wx_group_cloudy,-0.5576113636819259
wx_group_drizzle,-0.5762968197170272
wx_group_rain,-0.4235306187359519
wx_group_snow,-0.11564191869506908
wx_group_nan,-0.0016308977062944195
